,Date,OTH 16-18kg,OTH 18-20kg,OTH 20-22kg,OTH 22-24kg,WTFESY
0,31/01/1999,,,,,156.6666667
1,28/02/1999,,,,,150.9375
2,31/03/1999,,,,,154.85
3,30/04/1999,,,,,159
4,31/05/1999,,,,,159.5
5,30/06/1999,,,,,160
6,31/07/1999,,,,,158.5
7,31/08/1999,,,,,155.75
8,30/09/1999,,,,,156
9,31/10/1999,,,,,157.5
10,30/11/1999,,,,,150.5
11,31/12/1999,,,,,142.8
12,31/01/2000,199.5,204,202,198.25,145.25
13,29/02/2000,188,192.25,188.75,187,152.75
14,31/03/2000,182.25,189,188,188.75,153.2
15,30/04/2000,183,190.6666667,189,190.6666667,154
16,31/05/2000,170,176.6,177.4,185.4,157
17,30/06/2000,149.3333333,155.6666667,165,184,162.5
18,31/07/2000,142,144.8,154,173.2,162.5
19,31/08/2000,120.5,128.25,135.25,158.25,159.6
20,30/09/2000,112.25,126.25,131.25,164,161.5
21,31/10/2000,136,140,145.8,169.8,162.5
22,30/11/2000,155.5,160.75,164,179,174
23,31/12/2000,161,171,178,188,180
24,31/01/2001,167.25,182.5,188,201.5,180
25,28/02/2001,193.75,215,225.25,240.5,170.75
26,31/03/2001,195,226.75,242,268.5,164.25
27,30/04/2001,200.4,235.2,245.6,277.6,172.75
28,31/05/2001,189.25,221.5,229.75,266.25,179.6
29,30/06/2001,187,233.75,253,288.75,187
30,31/07/2001,181.2,251,277.6,308.2,202.75
31,31/08/2001,216,264,309.75,319.25,195.6
32,30/09/2001,292.5,324.5,331.25,339.5,192.25
33,31/10/2001,239,273.4,291.2,316.6,200.6
34,30/11/2001,238.75,271,290,312.25,204.5
35,31/12/2001,235,268,285,310,205.4166667
36,31/01/2002,247.5,278.75,285.75,310,220.6666667
37,28/02/2002,305,331.25,314.5,339.5,225.75
38,31/03/2002,331.25,347.5,331.25,348.5,221.75
39,30/04/2002,301,310,314.8,328.4,220
40,31/05/2002,287.5,297.5,287.5,294.5,221.2
41,30/06/2002,273.75,279.5,264.25,276.5,223.25
42,31/07/2002,280,300.4,288.2,306.4,235.6
43,31/08/2002,280,308.5,326.75,342.75,280
44,30/09/2002,324,344,362,383.2,320
45,31/10/2002,287.5,325,356,385,348
46,30/11/2002,237.5,263.5,305,335.75,353.75
47,31/12/2002,255,272.6666667,321,354.6666667,337.25
48,31/01/2003,273.75,332.5,336.5,360.5,342.8
49,28/02/2003,276.25,329.5,334.75,364.5,330
50,31/03/2003,351.4,390,400,411.2,305
51,30/04/2003,355,380.5,390.25,418,276.4
52,31/05/2003,350,356.75,373.25,405.75,291.25
53,30/06/2003,360,392,392,408.8,297.25
54,31/07/2003,382.5,409.25,404.75,417.5,262
55,31/08/2003,390,425.75,431.75,434.75,220
56,30/09/2003,382,398.8,398.8,402,226.25
57,31/10/2003,347.5,358,359.25,370.75,213.4
58,30/11/2003,335,338.5,335.5,345.5,210.5
59,31/12/2003,320,333,327.3333333,313,207.6
60,31/01/2004,352,354.25,349.25,331.75,206.75
61,29/02/2004,372.5,365.5,358.5,339.75,205.25
62,31/03/2004,353.7407407,355.4,350,333.6,215.4
63,30/04/2004,345.462963,346.25,340,318,221.25
64,31/05/2004,339.6296296,359,349.2,327,231.25
65,30/06/2004,333.7962963,433.25,428.25,395.5,228.2
66,31/07/2004,328.6111112,490.5,486.75,469.75,211.25
67,31/08/2004,322.7777778,470.4,467.6,459.2,209
68,30/09/2004,316.9444445,407.5,409.5,404.75,200.6
69,31/10/2004,319.375,348.25,348.25,355,197.75
70,30/11/2004,312,335.6,334.2,338.4,188.75
71,31/12/2004,315,329,327,335.5,181.55
72,31/01/2005,325,336,331.25,326.5,175.5833333
73,28/02/2005,322.5,344.75,328.75,315.25,173.25
74,31/03/2005,327.5,342.25,326,305,178.8
75,30/04/2005,322.5,333.75,318.25,298.5,183
76,31/05/2005,333.6,339.4,319.2,300.2,212.5
77,30/06/2005,355,352.75,338.25,314.25,223
78,31/07/2005,381.75,374,370.25,355,208.25
79,31/08/2005,399.8,394.4,390.8,371.4,199.2
80,30/09/2005,389.25,387.75,391.75,381.75,189.5
81,31/10/2005,346.2,352.6,349,343.6,194.5
82,30/11/2005,315,336.5,333.5,330.25,183.6
83,31/12/2005,329,338,338,337.5,170.8666667
84,31/01/2006,321.25,337,336.75,329.25,175.6666667
85,28/02/2006,318,346,351,345.25,184.25
86,31/03/2006,280,342.5,343.25,339.5,190
87,30/04/2006,280,339.75,339.75,336.75,193
88,31/05/2006,280.3076923,343.8,343,339.6,198.2
89,30/06/2006,285.3846154,350.25,349.75,349.5,220
90,31/07/2006,292.3076923,364.6,363.2,360,218
91,31/08/2006,293.8461539,354.25,355.5,350.5,219
92,30/09/2006,270,314.25,311.5,314.25,243.75
93,31/10/2006,240,307.6,303.6,305,317.5
94,30/11/2006,217.5,317.5,311.5,321.25,329
95,31/12/2006,220,321,318,325,322.9166667
96,31/01/2007,242.5,327.5,325.5,326,321.0666667
97,28/02/2007,280,331,331,327,314.75
98,31/03/2007,282.5,337.5,342.5,339.75,301.25
99,30/04/2007,288,341.8,341.8,335,293
100,31/05/2007,335,354.25,353.5,346.75,294
101,30/06/2007,352.5,375.5,373,374,299.5
102,31/07/2007,334,363,363.2,368.6,311.25
103,31/08/2007,292.5,312,312.5,317.25,316.4
104,30/09/2007,231,262.75,264.75,270.25,408.75
105,31/10/2007,234,276.8,268.8,274.2,458
106,30/11/2007,250,294.25,280.75,277,430
107,31/12/2007,250,303.5,295,289,441.6666667
108,31/01/2008,317.5,328,328.5,323.25,445.6666667
109,29/02/2008,347.5,369.75,372,343.75,475
110,31/03/2008,314,353.8,338.8,327.2,512.5
111,30/04/2008,310,348,337.5,328.5,470
112,31/05/2008,335,366.75,354.25,348.5,430
113,30/06/2008,386,430.4,417.4,408.8,435
114,31/07/2008,420,460.75,453.75,448.5,449
115,31/08/2008,415,461,456.25,448.75,418.75
116,30/09/2008,396,437.2,436.8,433.6,403.75
117,31/10/2008,350,372.25,373.5,379.5,342
118,30/11/2008,321.25,359,359.75,363.75,281.875
119,31/12/2008,358.3333333,403,397.6666667,393.3333333,229
120,31/01/2009,398.75,422,417.5,413.75,267.5
121,28/02/2009,395,412.75,407,411.25,282.5
122,31/03/2009,428,435.6,429.6,434.8,281
123,30/04/2009,460,451.75,447.25,448.75,271
124,31/05/2009,470,464.75,457.75,458,273.125
125,30/06/2009,506,490.6,481.6,480,281.25
126,31/07/2009,510,499,497,489.75,278
127,31/08/2009,406,434.4,442.2,452.2,262.5
128,30/09/2009,397.5,424.5,433.25,440.25,250
129,31/10/2009,425,422.5,425.5,429.25,229
130,30/11/2009,397.2,393.4,393.6,394.2,230
131,31/12/2009,406.5,415,413.5,414.5,247.6666667
132,31/01/2010,428.3333333,461.3333333,461.3333333,457.3333333,250.4166667
133,28/02/2010,450,469,469,465.5,229.5
134,31/03/2010,456,473.2,473.2,469.6,224.5
135,30/04/2010,450,468.5,468.5,463.25,210.3333333
136,31/05/2010,462,482.6,481.6,476.2,218.6666667
137,30/06/2010,477.5,498.75,498.75,493,219
138,31/07/2010,497.5,496,495.25,484.5,235.2
139,31/08/2010,492,512.2,512.2,493.6,284.25
140,30/09/2010,506.25,518,517,495.25,301.2
141,31/10/2010,447.5,472.75,472.75,461.75,296.25
142,30/11/2010,422,464.8,465.4,456,261.25
143,31/12/2010,450,491.5,492,490.5,257.75
144,31/01/2011,511.25,532.75,533.75,535.5,250.9375
145,28/02/2011,550,575.5,575.75,571.75,250
146,31/03/2011,567.5,600.25,600.25,595.25,251
147,30/04/2011,570,596.25,596.5,588,257.5
148,31/05/2011,582,570,572.8,553,257.5
149,30/06/2011,557.5,543.25,545.25,522.75,253.2
150,31/07/2011,517.5,493,492.25,470.25,242.5
151,31/08/2011,480,494,493,464.4,243
152,30/09/2011,480,493.5,495.75,470.75,244.4
153,31/10/2011,498,505.6,507,493.6,231.25
154,30/11/2011,487.5,500.25,500.75,490.5,227.5
155,31/12/2011,500,511,511,504,204.75
156,31/01/2012,445,496.25,496.25,483.5,211.4375
157,29/02/2012,431.25,482.5,481,462.25,213.25
158,31/03/2012,422.5,469.25,468,455.75,209.4
159,30/04/2012,420,449,447.6,441,209.5
160,31/05/2012,420,443.25,441.5,435.25,221.6
161,30/06/2012,420,446.5,448.5,431.5,251.75
162,31/07/2012,420,453.6,441.2,424.8,286.25
163,31/08/2012,420,427,418.25,403,299.8
164,30/09/2012,400,416.75,413.5,408.5,310.25
165,31/10/2012,366,393.6,392.8,382.6,301.75
166,30/11/2012,348.75,350.25,351.25,351.75,307.2
167,31/12/2012,337.5,354.5,354.5,351.5,308.0833333
168,31/01/2013,351.75,360.75,361.5,359,308.1333333
169,28/02/2013,361.5,369.25,369.5,366.25,319
170,31/03/2013,411.75,423,423.75,421,315.25
171,30/04/2013,409.6,427.6,429.2,426.4,300.25
172,31/05/2013,348.75,417.5,417.25,419.5,309.6
173,30/06/2013,375,473.75,472.75,463.25,311.5
174,31/07/2013,404,505.4,502.6,496.6,308.5
175,31/08/2013,381.25,489.25,487.75,487.5,291.8
176,30/09/2013,350,452.4,452.4,448.2,283.5
177,31/10/2013,,435,435,429.25,291
178,30/11/2013,,419.75,419.75,413.75,298.75
179,31/12/2013,,430.5,430.5,426.6,309.4166667
180,31/01/2014,,439.5,439.5,432.5,309.2666667
181,28/02/2014,,480.75,482.25,476.5,313.75
182,31/03/2014,,566.4,566.4,563.6,327.5
183,30/04/2014,,574,574,568.75,330.25
184,31/05/2014,,592.75,592.75,586.5,333.2
185,30/06/2014,,587.6,587.6,584.4,316
186,31/07/2014,,555.75,559.25,563,291.7
187,31/08/2014,,497.75,497.75,500.75,285
188,30/09/2014,,493.8,493.8,490,283.75
189,31/10/2014,,483.5,483.5,482.5,277.6
190,30/11/2014,,466.5,470,466.25,301.5
191,31/12/2014,,497.65,502.25,502,305.9375
192,31/01/2015,,514.5625,523.3125,524,308.35
193,28/02/2015,,531.25,541.25,543.5,298.5
194,31/03/2015,,519.2,529.2,520,292.5
195,30/04/2015,,527,537,529.25,299
196,31/05/2015,,539.5,554.5,549.5,292.75
197,30/06/2015,,553,568,567.2,298
198,31/07/2015,,564,574,569.5,310.2
199,31/08/2015,,568.8,577.8,575.6,296.25
200,30/09/2015,,551.25,562,560.75,278.75
201,31/10/2015,,484.25,499,497.5,283.8
202,30/11/2015,,493.4,518,518,293.5
203,31/12/2015,,499.0625,521.625,521.625,285.55
204,31/01/2016,,490.3125,514.875,514.875,280.6875
205,29/02/2016,,503.8,523.8,525,275
206,31/03/2016,,484.5,501.5,501.5,258.7333333
207,30/04/2016,,502,510,510,259.5833333
208,31/05/2016,,528,536,533.6,262.75
209,30/06/2016,,588,596,592,269.6
210,31/07/2016,,604,612,612,255.25
211,31/08/2016,,591.4,600.6,600.6,238.125
212,30/09/2016,,549.75,567,567,232
213,31/10/2016,,540.6,555.4,556.4,247.25
214,30/11/2016,,521,537,535.5,247
215,31/12/2016,,515.4,524.6,530.3,222.5
216,31/01/2017,,534.88,549.92,552.56,215.25
217,28/02/2017,,607.5,613.5,613.5,203.5
218,31/03/2017,,621,621,621,210
219,30/04/2017,,652.5,652.5,652.5,209.75
220,31/05/2017,,640.4,640.4,640.4,217.5
221,30/06/2017,,638,638,638,243.8
222,31/07/2017,,594.4,594.4,594.4,276.75
223,31/08/2017,,600.5,600.5,600.5,249.2
224,30/09/2017,,607.5,607.5,607.5,255
225,31/10/2017,,606,606,606,269.25
226,30/11/2017,,634,634,634,256
227,31/12/2017,,652,652,652,258.9166667
228,31/01/2018,,654.6,654.6,654.6,250.8333333
229,28/02/2018,,623.5,623.5,623.5,262.75
230,31/03/2018,,617.75,617.75,617.75,277.4
231,30/04/2018,,609.6,609.6,609.6,289.5
232,31/05/2018,,602.5,602.5,602.5,338.2
233,30/06/2018,,630,630,630,375
234,31/07/2018,,717.2,725.4,722.8,372.5
235,31/08/2018,,783.75,783.75,783.75,407.5
236,30/09/2018,,815.25,815.25,815.25,430
237,31/10/2018,,742,742,742,450
238,30/11/2018,,722.5,722.5,722.5,446
239,31/12/2018,,722.8,725.5,725.5,440.4166667
240,31/01/2019,,702.75,705,705,441.3333333
241,28/02/2019,,676,676,676,431.6666667
242,31/03/2019,,648.5,648.5,648.5,411.25
243,30/04/2019,,687.3,687.3,687.3,397
244,31/05/2019,,766.75,766.75,766.75,375.4
245,30/06/2019,,839.5,839.5,839.5,385
246,31/07/2019,,875.4,875.4,875.4,370
247,31/08/2019,,840,840,840,359
248,30/09/2019,,790.8,790.8,790.8,370
249,31/10/2019,,783,783,778.5,382.5
250,30/11/2019,,759.25,759.25,757.75,376.25
251,31/12/2019,,721,734,734,403.3333333
252,31/01/2020,,695.5,729.75,729.75,429.3333333
